epoch,train_loss,val_loss
1,5.744431044687805,4.991698930543099
2,4.735079289568277,4.381855142243182
3,4.148868898400954,4.036332750127621
4,3.716774736252527,3.8414469519747136
5,3.36503680605423,3.706273093644166
6,3.0656660368189397,3.636553885106496
7,2.8050553642411145,3.597391828194237
8,2.578446649277915,3.5868455193954696
9,2.3769688408694165,3.5909631511443
10,2.200733210796468,3.6090278076689266
11,2.0435273242729224,3.627777326220589
12,1.9019230752906007,3.663674069928074
