epoch,train_loss,val_loss
1,5.685457967572044,4.880777146479536
2,4.5982504054004085,4.259218995044035
3,4.006456986079485,3.900837102178647
4,3.5647200384981765,3.6780175626814278
5,3.2117585329590135,3.5444149945737964
6,2.9180421794045452,3.4667407771329692
7,2.66520691730712,3.4210766672718482
8,2.4461550819843656,3.402179741932753
9,2.253210768534166,3.4023521794185814
10,2.083116200579386,3.412631140947432
11,1.9314278614370433,3.4309561605297003
12,1.7961004307797004,3.460343722582218
