epoch,train_loss,val_loss
1,5.6912070506096315,4.8179596624530605
2,4.470556602397868,4.049006190488552
3,3.783237545243947,3.644287508027989
4,3.294733586840412,3.3905900626992698
5,2.911186752755355,3.235809527109504
6,2.6008506794456414,3.1410204695687938
7,2.3462303350486504,3.086233757655131
8,2.133096803902538,3.0681694472663716
9,1.9492073901357474,3.0541156567292562
10,1.7905390219106931,3.066276805483039
11,1.6517120908694936,3.0906326471333574
12,1.52814226499856,3.1154986613494997
