epoch,train_loss,val_loss
1,5.885152168549407,5.00430102844271
2,4.62345981048762,4.233415640632668
3,3.935851218769257,3.8497515540186162
4,3.4722349243537725,3.6320923289752396
5,3.1254204033922175,3.4963217796445796
6,2.84771757175349,3.424730497249838
7,2.6177954222036766,3.3774637580269595
8,2.419881012133415,3.3601258231137807
9,2.247958285040953,3.3617298297869804
10,2.093785918012591,3.372609511809576
11,1.95606068819247,3.3991730280484673
12,1.8336123133439024,3.4253499125037807
