epoch,train_loss,val_loss
1,6.10473196691294,5.448501666802127
2,5.188451415168434,4.832370507082176
3,4.683531128235929,4.505645648119615
4,4.3635888913399725,4.300925377249967
5,4.1265099236765,4.158758389048839
6,3.934776416787412,4.045102548522511
7,3.7726172579108845,3.9703334188663364
8,3.629819382319681,3.908604185848362
9,3.4999674996825223,3.8613377474398276
10,3.3812455554198593,3.8305481287208307
11,3.2688225271219906,3.8034962443050087
12,3.1645153840777027,3.790189794367912
