embedding,validation_loss,BLEU,METEOR,mean_generated_length,unique_translations,embedding_preparation_minutes,training_minutes
learned_from_scratch,3.7815641801385276,3.9212533154168208,18.23138052522097,14.217035679029756,6811,0.0,63.87037361166683
word2vec_initialisation,3.5595500486037612,4.172205960919132,19.227579317453184,14.600479481032295,6814,0.27958670499986815,91.76371198500031
