name,embedding_dimension,hidden_dimension,learning_rate,best_epoch,training_loss,validation_loss,BLEU,METEOR,parameters,training_minutes
medium,64,128,0.001,2,6.19076581690029,6.0249742033759475,7.051308498885472e-232,1.1977010927038645,2619664,0.7339473066667173
lower_learning_rate,64,128,0.0005,2,6.3042066186547,6.188355047719564,7.051308498885472e-232,1.1977010927038645,2619664,0.8058268083332223
small,64,64,0.001,2,6.33817614731565,6.215023753620427,0.0,0.0,1946640,0.62558356999992
