name,embedding_dimension,hidden_dimension,learning_rate,best_epoch,training_loss,validation_loss,BLEU,METEOR,parameters,training_minutes
large,64,256,0.001,5,5.5151946747184475,5.510688272682889,0.36276855730289403,5.3116693879827865,4771600,3.2091007050000675
medium,64,128,0.001,5,5.81942641293209,5.770812762188379,1.6648255577589499e-77,4.173669315741152,2834192,1.9988965000001675
small,64,64,0.001,5,6.02342758249556,5.943252954453129,1.4607189168212402e-153,2.7648255124123438,2012944,1.512282758333216
lower_learning_rate,64,128,0.0005,5,6.063618727096855,6.002850231992319,1.5523605485100634e-153,3.716892712575303,2834192,1.978799300000052
