model,embedding_dimension,hidden_dimension,validation_loss,BLEU,METEOR,training_minutes
medium_lstm,64,128,3.8915422375990087,3.2538959334953756,16.526856590436378,40.03020273000002
large_lstm,64,256,3.7815641801385276,3.9212533154168208,18.23138052522097,63.87037361166683
